{"cameraMode":{"drawMode":0,"name":"Shaded","section":"Shading Mode"},"sceneLighting":true,"audioPlay":false,"sceneViewState":{"m_AlwaysRefresh":false,"showFog":true,"showSkybox":true,"showFlares":true,"showImageEffects":true,"showParticleSystems":true,"showVisualEffectGraphs":true,"m_FxEnabled":true},"in2DMode":false,"pivot":{"x":2.5864362716674806,"y":-3.365041732788086,"z":23.292552947998048},"rotation":{"x":0.3961063325405121,"y":0.4377801716327667,"z":-0.22359660267829896,"w":0.7755410075187683},"size":11.480005264282227,"orthographic":false}